id;program_type;location;etime;family;phone_number;address;with_langar;langar_menu;langar_time;due_amt;paid_amt;bal_amt;reciept_number;remark;booking_date;status;created_date;created_by;last_modified_date;last_modified_by
1;SUKHMANI_SAHIB;GALLERY_UPSTAIRS;2020-09-01T20:56:48;haptic website SMS;content-based white;Unbranded Steel Hat portals;false;SIMPLE_JALEBI_SHAHIPANEER;2020-09-02T10:21:48;59199;3540;59463;43540;compressing;2020-09-02T17:28:42;PAID;2020-09-02T06:23:15;French Southern Territories;2020-09-02T15:36:51;Plastic TCP connect
2;SEHAJ_PATH_START;GNSG_SENIOR_CENTER;2020-09-02T17:06:54;Iowa feed;Tasty Steel Mouse Wooden Tools;Credit Card Account;false;SIMPLE_JALEBI_PALAKPANEER;2020-09-01T20:16:23;4237;50154;34644;17467;Diverse;2020-09-01T19:39:04;REQUESTED;2020-09-01T23:49:55;mobile;2020-09-02T07:23:49;Creative hard drive Directives
3;SEHAJ_PATH_BHOG;HALL_2;2020-09-02T17:20:47;web-enabled;Fantastic Assistant Generic;payment;true;SIMPLE_JALEBI_MATARPANEER;2020-09-01T19:24:12;15363;39068;50611;69353;Bedfordshire;2020-09-02T09:54:23;REQUESTED;2020-09-02T07:01:54;Zambian Kwacha French Polynesia Chief;2020-09-02T12:42:19;Fantastic systems Shoes
4;SUKHMANI_SAHIB_AT_HOME;HALL_3;2020-09-02T04:49:59;solid state deposit Consultant;West Virginia aggregate;Indiana Cambridgeshire;false;PAKOURE;2020-09-02T08:47:40;13004;6630;73872;2353;optimizing Bedfordshire Adaptive;2020-09-01T20:55:38;PAID;2020-09-02T09:04:03;action-items reboot SCSI;2020-09-01T22:36:10;Security Global ROI
5;LANGAR;GNSG_SENIOR_CENTER;2020-09-02T17:30:44;migration transmitting Intelligent Wooden Computer;Rubber Handcrafted Concrete Fish Frozen;interfaces yellow;true;PAKOURE;2020-09-02T12:09:27;36404;12345;83294;23074;Rustic Bedfordshire;2020-09-02T15:24:04;REQUESTED;2020-09-02T16:39:36;Planner;2020-09-02T02:50:45;transmitting parse bandwidth
6;SUKHMANI_SAHIB_AT_HOME;HALL_2;2020-09-02T01:59:04;Rustic;Branding;FTP solid state;false;PAKOURE;2020-09-02T05:39:40;77492;21285;25245;49972;Secured purple;2020-09-02T01:08:00;BOOKED;2020-09-02T09:23:16;Global Pizza Regional;2020-09-02T14:11:38;transmitting navigate
7;SUKHMANI_SAHIB_AT_HOME;HALL_3;2020-09-02T11:11:28;Credit Card Account Markets alarm;Designer compressing visualize;Borders Ameliorated virtual;false;SIMPLE_KHEER_SHAHIPANEER;2020-09-02T15:31:01;40440;23690;47610;88289;integrated;2020-09-02T15:29:15;COMPLETED;2020-09-02T09:55:09;copy Switchable;2020-09-02T03:05:59;open-source
8;LANGAR;HOME;2020-09-01T21:06:32;Village transmitting;Handmade;synthesize array;true;JALEBI;2020-09-01T23:10:26;40437;95835;95039;2549;Unbranded Steel Hat actuating;2020-09-01T21:33:15;BOOKED;2020-09-02T03:15:49;Soft Steel portals;2020-09-01T23:23:33;Senior synthesizing Plastic
9;SUKHMANI_SAHIB_AT_HOME;HOME;2020-09-02T15:01:20;optical Savings Account mobile;primary De-engineered;Via Applications;false;PAKOURE;2020-09-02T10:38:55;32924;3980;82737;68590;violet;2020-09-01T19:04:57;REQUESTED;2020-09-02T11:50:58;Operations Directives auxiliary;2020-09-02T02:16:36;Music Central Burg
10;SEHAJ_PATH_START;HALL_2;2020-09-01T23:43:35;Plastic Sharable;program Savings Account navigating;Delaware Baby;false;PAKOURE;2020-09-01T22:03:16;89920;29519;63259;4288;Money Market Account;2020-09-02T04:31:54;REQUESTED;2020-09-02T09:46:04;methodology haptic;2020-09-02T01:54:43;connect multi-byte mobile
