id;name;email;phone_number;address;seva_start_date;seva_end_date;is_valid;created_date;created_by;last_modified_date;last_modified_by
1;Licensed Plastic Computer Gardens Berkshire;Clifford.Goodwin49@hotmail.com;Pizza productize;Stand-alone;2020-09-02T11:22:08;2020-09-02T10:45:55;false;2020-09-02T09:51:54;RSS;2020-09-02T08:28:18;Berkshire digital XML
2;Jewelery;Luna_Schultz78@hotmail.com;Turks and Caicos Islands calculating;Home Loan Account Optional;2020-09-02T00:33:06;2020-09-02T05:40:47;true;2020-09-02T15:47:04;Optional;2020-09-02T14:57:30;Networked compelling
3;Alaska New Israeli Sheqel Home Loan Account;Jett_OHara46@gmail.com;payment;hard drive Sports Internal;2020-09-02T00:44:41;2020-09-02T18:41:25;false;2020-09-02T09:09:35;Small Robust;2020-09-02T03:42:59;magenta
4;Sports Metrics deposit;Ellen_Senger@gmail.com;value-added Lead conglomeration;navigating Steel;2020-09-01T22:41:31;2020-09-01T19:08:33;false;2020-09-02T15:16:17;payment Russian Ruble olive;2020-09-02T11:58:44;pixel leading-edge
5;Avon;Horace.Rosenbaum30@gmail.com;wireless programming;Sleek;2020-09-02T07:52:03;2020-09-01T22:25:18;false;2020-09-01T19:32:07;eyeballs Ergonomic Steel Soap coherent;2020-09-02T00:36:48;Jewelery mobile disintermediate
6;overriding communities viral;Johnpaul_Waters@hotmail.com;Facilitator;cross-platform Sleek Rubber Hat;2020-09-02T17:07:17;2020-09-02T13:56:14;true;2020-09-01T23:25:45;leading edge next generation;2020-09-02T14:06:45;haptic Directives
7;Seychelles Rupee Computer;Amina.Gislason@yahoo.com;Function-based;Tuna 24/7;2020-09-02T17:42:12;2020-09-02T08:28:36;true;2020-09-02T07:15:26;Agent violet;2020-09-01T21:41:28;bandwidth global
8;Rustic Multi-layered;Jettie29@gmail.com;feed Home Loan Account Lead;withdrawal;2020-09-02T16:16:43;2020-09-02T00:17:17;true;2020-09-02T09:48:10;Metal Frozen Metal;2020-09-01T20:51:39;Idaho Supervisor auxiliary
9;Streamlined;Faye51@yahoo.com;Intelligent withdrawal Unbranded;primary Triple-buffered;2020-09-02T14:42:04;2020-09-01T20:09:55;true;2020-09-02T06:26:38;Home Loan Account International redefine;2020-09-02T08:13:08;Executive Buckinghamshire Intelligent
10;Ergonomic;Cleora.Gibson@gmail.com;implementation Sports Grocery;discrete Product deposit;2020-09-02T18:19:44;2020-09-02T10:22:04;true;2020-09-02T16:47:22;Court Security Investment Account;2020-09-02T11:25:40;Baby online Euro
