id;title;description;task_time
1;withdrawal Moldovan Leu Intelligent;Analyst Technician;2020-09-02T03:22:41
2;matrices;payment Chair methodologies;2020-09-02T18:13:06
3;Baby morph;South Dakota;2020-09-02T12:00:32
4;Frozen Turnpike Stream;Human transmit Usability;2020-09-02T05:20:16
5;Pakistan Rupee proactive reboot;zero administration;2020-09-02T14:28:58
6;Fresh back up Pa'anga;web-enabled back-end optical;2020-09-02T18:37:25
7;Uganda Shilling driver;Reduced;2020-09-02T16:49:24
8;Avon interface Orchestrator;integrate;2020-09-02T13:15:21
9;Flats programming Industrial;architectures Executive multi-tasking;2020-09-01T19:18:28
10;input;Applications Dynamic;2020-09-02T14:36:29
