id;name;created_date;created_by;last_modified_date;last_modified_by
1;invoice Auto Loan Account Senior;2020-09-04T06:35:57;Alabama pixel Table;2020-09-04T11:10:23;Arkansas withdrawal transmitter
2;Triple-buffered;2020-09-04T02:08:13;Ergonomic Granite Shirt efficient;2020-09-04T11:28:07;Bedfordshire indexing Brazilian Real
3;Borders Fantastic Steel Chips Ohio;2020-09-04T13:08:10;synthesizing Principal;2020-09-04T20:20:14;Port Brunei Darussalam back up
4;Kids;2020-09-04T15:25:45;Reverse-engineered;2020-09-04T12:31:25;Money Market Account Awesome Rubber Bike
5;mission-critical Cotton optical;2020-09-04T19:32:30;invoice transparent turquoise;2020-09-03T23:04:16;logistical maximized Checking Account
6;supply-chains interfaces hard drive;2020-09-04T20:04:09;pink JSON;2020-09-04T13:57:37;Quality Awesome Rubber Keyboard
7;navigate navigating system;2020-09-04T03:59:20;application frictionless;2020-09-04T05:57:25;magenta
8;holistic;2020-09-04T17:35:30;magenta systems;2020-09-04T09:25:30;reboot bypass Chair
9;real-time;2020-09-04T14:58:08;Steel Borders;2020-09-04T02:38:52;middleware redefine
10;Monitored orchestration;2020-09-03T23:12:52;wireless Shirt;2020-09-04T03:39:33;Kentucky
